Index,Payment Address,Derivation,Label
0,bc1qz2vjajlrellune97wpedds6kk83wnndtfl9kmw,m/84'/0'/0'/1/0,
1,bc1qwlhrw2rx3upnkmjrnna63mjupt27f268kjsq56,m/84'/0'/0'/1/1,
2,bc1q6537a2x5fvqthkqxzz9f7rx5utrq597zvvzg23,m/84'/0'/0'/1/2,
3,bc1qz2zv5ysudyeejutrd7dar2dye53gvf0zc9m4h3,m/84'/0'/0'/1/3,
4,bc1qxc6q0l533adnlszc0q09k4pjjshkftmf2larul,m/84'/0'/0'/1/4,
5,bc1q4aruqeved8ds6vaqcgqgf5z9r28rn48a30alxv,m/84'/0'/0'/1/5,
6,bc1qnxujq55l75u6sm425vg34e3x4k94wt7s0fme5z,m/84'/0'/0'/1/6,
7,bc1qqwhumsrcg9zf98fthw0tnt3kzjsyag6yqh7qge,m/84'/0'/0'/1/7,
8,bc1qd62qezhd5d7yrrwp8fg83wl95dd98em9jwevu0,m/84'/0'/0'/1/8,
9,bc1qt0lymm8dq435rtw9zhxkx55q0zjh9s9s9ts760,m/84'/0'/0'/1/9,
10,bc1qd7t8nnn4qe4mc0keqcjx60frvrfggy6q8acg8w,m/84'/0'/0'/1/10,
11,bc1q7vfpagfmwksvh86eg8f66jcpezggc0jrmspvlg,m/84'/0'/0'/1/11,
12,bc1quuvmmq2skc8l8zjchd8q02q6rcrgqhp9q7gcy5,m/84'/0'/0'/1/12,
13,bc1qkudysts3tx7fyapfwej8vy9sa9z9nyl74mrgcf,m/84'/0'/0'/1/13,
14,bc1qhf94rqsu0v9nczm3fdlpqqgl2saqyar9x3c8wm,m/84'/0'/0'/1/14,
15,bc1qcn8z435vmulmastpvjw3dxapegh5mn8afuha3m,m/84'/0'/0'/1/15,
16,bc1qzjq3uusmgz4x2kegs5733my8zyjzrpnkxfm9fh,m/84'/0'/0'/1/16,
17,bc1qmfr3m5g907sxq96r8ds9jk86xessa5pxzesudt,m/84'/0'/0'/1/17,
18,bc1q6kvqa7gme9et2qkpz68jfnr9jldh6gafw7wuwd,m/84'/0'/0'/1/18,
19,bc1q3afn6tapp7grcgdtx6vezdnwmn0efua05evuuz,m/84'/0'/0'/1/19,
20,bc1qq698ds5tsp05tjrl8d3zgw5jjp7d45fdpld3j6,m/84'/0'/0'/1/20,
21,bc1q96aswa6pv5s7e87vgv4npz7pchsxlkd59sr6ml,m/84'/0'/0'/1/21,
22,bc1qgw0rqx7qzt7yfwn4au2mq3gqwm24nr0ea6lzp4,m/84'/0'/0'/1/22,
23,bc1qekhhsr2jd359ck3ggrdhysmk07aefw888768nr,m/84'/0'/0'/1/23,
24,bc1qwwaft7e5f5f0cwaylfxzqar03ne4wyc5e57m7u,m/84'/0'/0'/1/24,
25,bc1q48ehmtpqvpl23pshqyqu6lcfmamvz726zf3a6e,m/84'/0'/0'/1/25,
26,bc1qcm2vwjr6q8sgqw598jmxtt9cz4nv2tfawml9p6,m/84'/0'/0'/1/26,
27,bc1q7r4wu4g328am5cm2zrkw0glxsepdd2n4zqqv9q,m/84'/0'/0'/1/27,
28,bc1qvz743plq7qvg28u0x0y59kvzx3qq4fujad4pwf,m/84'/0'/0'/1/28,
29,bc1qkue54my4ppthkv3npy5h3mf28he8p8q4w3j4p3,m/84'/0'/0'/1/29,
30,bc1qnu6nuqw6dcene73pwdp5qgn7pqekw842my6j8x,m/84'/0'/0'/1/30,
31,bc1qdscmxf8j5pxw2x3u9ysy7tsgl9gpalwfxzwm8c,m/84'/0'/0'/1/31,
32,bc1qagpuyfp2geced7pw6thlu232flkjl64hp6tgw4,m/84'/0'/0'/1/32,
33,bc1q82el380285mlptka2j6jwvml7fgkjqnvwqpjcx,m/84'/0'/0'/1/33,
34,bc1qvjztd69ehe0nqrxjy8v6wemssry9zsgakzeqk7,m/84'/0'/0'/1/34,
35,bc1qqz6gwzff9mmjrd9dgp20mr2lv9tuyj0ruh6a00,m/84'/0'/0'/1/35,
36,bc1qmud9pgr8l5e7kx4lx9j8dj2gemwza0ye3e5h2a,m/84'/0'/0'/1/36,
37,bc1qdvq62p53m0amqqqgqu0wzfw0gm90x3tzw6gk8k,m/84'/0'/0'/1/37,
38,bc1qcak3dtgp5xejd0fplvalkxtn9ym2hft08p9c50,m/84'/0'/0'/1/38,
39,bc1q263vzy5qp6fdngzgg948ue4mnrrd6u6gd5kguz,m/84'/0'/0'/1/39,
40,bc1qgnhr5hnh3kpchnd8j5cgt3e4gu8kxhe3gwracp,m/84'/0'/0'/1/40,
41,bc1q5y7dvyaxmqyxnazgdnyerpdjgnkgv87cclgdr6,m/84'/0'/0'/1/41,
42,bc1qkmg0uev7nhczkxde2nx4gknya0vm9p247zep7z,m/84'/0'/0'/1/42,
43,bc1qffqgypcyk8acmxmk9ksd8ztrevpu6dg5zysjxq,m/84'/0'/0'/1/43,
44,bc1q7urz4udsdz2ftdgmdg2vcy2jcyvae2xvx8a5ww,m/84'/0'/0'/1/44,
45,bc1qme94wjry3smh92n67eymap0zqw4w80af7mrarx,m/84'/0'/0'/1/45,
46,bc1qe4kl85ksmt2qel92d5nmcdnv6mnkpfqy79se9j,m/84'/0'/0'/1/46,
47,bc1qnt2x3r22etj53x9cvh25hux77sjw7jwgtxnsaz,m/84'/0'/0'/1/47,
48,bc1qm50t905xjjjfv54xv6ywm3m4cn9ytqqlfr7gqv,m/84'/0'/0'/1/48,
49,bc1qqd0e00zcmnzv9y3mrsvkewwg7d9zhxqdwmvtqs,m/84'/0'/0'/1/49,
50,bc1qryp6949nhcumsv4eyvw5khppgrk9wmd0mgkjht,m/84'/0'/0'/1/50,
51,bc1q6sp8zpuhuuj03pnsuwt23maf3e6ms2dadrxt6v,m/84'/0'/0'/1/51,
52,bc1qugk6upn43nupr2308uplatlsxd3j6x9p6jzcsr,m/84'/0'/0'/1/52,
53,bc1qld6azfygazrfhnyxmueluludaanlj09pfrg24s,m/84'/0'/0'/1/53,
54,bc1q6de3mntzw53sfmc3t448dzqf47fnjtufpeyhth,m/84'/0'/0'/1/54,
55,bc1qzku83q35te3k5qw7n93auyljaqncrm5mgrelz5,m/84'/0'/0'/1/55,
56,bc1q4jcev0t0krc2haqlc2fg0g04vzzzg4nq6guz82,m/84'/0'/0'/1/56,
57,bc1qw6wvftasyw2ps70l0pujktrceqq2c7zlvfxsna,m/84'/0'/0'/1/57,
58,bc1qqjhjpj8actaatq87quz4ehzyl0fj964lcmk8th,m/84'/0'/0'/1/58,
59,bc1qx0wfh4029ekxjmlyvmth2nswltkzush47fjpf9,m/84'/0'/0'/1/59,
60,bc1qd9663rhnuc7vw22k7erttj36atxxqf3nevg6pl,m/84'/0'/0'/1/60,
61,bc1qjjymk8uu5evveh3ylyg807qugxwfa38ec7g3c6,m/84'/0'/0'/1/61,
62,bc1qy0e2kc62xmnzspyy97ph6v29mncv0tsxxu58g2,m/84'/0'/0'/1/62,
63,bc1qg7hekua6d06enetnlesw2zlf0wakh9342lt8vp,m/84'/0'/0'/1/63,
64,bc1qfcv56s0h3eddqhl7snz2aeaen28hhxeccpyw0l,m/84'/0'/0'/1/64,
65,bc1q9ptgzl9l6n6t4dw9gkaz4qp2x8vue9zd830msv,m/84'/0'/0'/1/65,
66,bc1qcn9kulqr669t2m3glzkq93vnwv2h066ha9uc9l,m/84'/0'/0'/1/66,
67,bc1qhxutpfywyzsp0d76kw8lw78czypgf4263f5lws,m/84'/0'/0'/1/67,
68,bc1q85kfz5p3kjfcwf3r6m9c8dzx8qrz7m67f6ay9c,m/84'/0'/0'/1/68,
69,bc1qaqsqrjm6rdxs2mlrmz7tvcq85jpe7rc2a5uffu,m/84'/0'/0'/1/69,
70,bc1q95ga4c9vutmsx3676xnewh3cu7j26j5k3af7a8,m/84'/0'/0'/1/70,
71,bc1qdqupmzyhlh3x99xjmy27t3xn6rahmqsvpd3e36,m/84'/0'/0'/1/71,
72,bc1qnfw4g8uqjtj6g23hvl8m56lka900wu92nlnccp,m/84'/0'/0'/1/72,
73,bc1qf02mmepnl2s0wzt2ag78n5zldlljaac065ws8k,m/84'/0'/0'/1/73,
74,bc1qdh7jfre70fwwsu0ncqjjmjkej8392g4qjnfy68,m/84'/0'/0'/1/74,
75,bc1qmfx2m0hc29j7j057z32sgmmzg4kpa62v7u5nyc,m/84'/0'/0'/1/75,
76,bc1q0khpjwj774vd6s87zurjdhrxg5c2f9edu0kqkk,m/84'/0'/0'/1/76,
77,bc1qte9s09yzeau24gnduyrawv06j73lqjfj6nw74p,m/84'/0'/0'/1/77,
78,bc1qla5g94kqkd8u5pwse6a4q5lwwf5c73ylf5d2qg,m/84'/0'/0'/1/78,
79,bc1qxhm4adkw6hwgt46v2e48ranth7vtfjzz95c09w,m/84'/0'/0'/1/79,
80,bc1qf8z7kdc0lnr58ve2rr5ns5nqthutzhj5ykgcnw,m/84'/0'/0'/1/80,
81,bc1q09tkwua2un6vhzetqmnvj4eaype663tfd76ufj,m/84'/0'/0'/1/81,
82,bc1qpf5thzk5kvmpn05a0y0zs67z4jx3fycaw8v6ct,m/84'/0'/0'/1/82,
83,bc1qqc693a0tdf9nctshjd7qqmf6dzuh75h50syfk6,m/84'/0'/0'/1/83,
84,bc1q25u8c69uk6xhuswe6g2wjs9gdjylaajedzxlx2,m/84'/0'/0'/1/84,
85,bc1q3s64d8quy5fzanp7t5er4qeny0hddvpmx6ts4c,m/84'/0'/0'/1/85,
86,bc1qucs2l9c920t6eu7akgwna3etn2ddgul42mf8ql,m/84'/0'/0'/1/86,
87,bc1qjrgnu8en5kzxf5zmtxcl3xqj2mr3vkur8wz5p6,m/84'/0'/0'/1/87,
88,bc1qg4nfeuv5llf0z9aq0kad6v4d9grur99sxm2du4,m/84'/0'/0'/1/88,
89,bc1qs5pp5ss87fnkrlvrrjqejzqdqpnvmzag4pcdpd,m/84'/0'/0'/1/89,
90,bc1qk3d7gvxsv04uz86s8n2nne8j4jcv3t295txhyu,m/84'/0'/0'/1/90,
91,bc1q4q0c6cxd78g700cg34qs89qgh3wne460x9f9u0,m/84'/0'/0'/1/91,
92,bc1qwtx4dn4cees5rpzq7k8quu2d66vath0dt8374p,m/84'/0'/0'/1/92,
93,bc1qs40qcfm2a7vygk8chqfaetfvsdmds7wd76ughx,m/84'/0'/0'/1/93,
94,bc1q7gers6z0r2m30d8ufppa9jzdjqjy9dwqnmp0rv,m/84'/0'/0'/1/94,
95,bc1qrrhwlcwv3jl7vw2qxwa9dv8dh5k9hlp5efu5sl,m/84'/0'/0'/1/95,
96,bc1q5v8x0vy0eyp3wy3r7w6m66adxlqjf54ngymn32,m/84'/0'/0'/1/96,
97,bc1qutfqj50hgm0jsedz2n40kwxt5fht7tzstu5pvq,m/84'/0'/0'/1/97,
98,bc1q0nzd8kn4a9kpaxrg9yhm0xeea838hwsls3kpl3,m/84'/0'/0'/1/98,
99,bc1qnulpl3zsxn8hd5qdt3el8jx2cdgptpu6llt07s,m/84'/0'/0'/1/99,
100,bc1qtcncl0hkcw6kphak6a6mmdpjn86r5lytjl8se9,m/84'/0'/0'/1/100,
101,bc1q398l4gyf275av47sp4rsqycsufkju6mmg5jac0,m/84'/0'/0'/1/101,
102,bc1qmjrygp7cn6e0r0h2hw04dn9ndupyn2ekl84f0x,m/84'/0'/0'/1/102,
103,bc1qudll2j8tqrya2pyuxf03j5d7usuemt66qa3tw4,m/84'/0'/0'/1/103,
104,bc1q5gzmyhme30mvpaawl7mej252yhypn45y9kfmh2,m/84'/0'/0'/1/104,
105,bc1qkvv2k7yrtwn4khefcqds6k59clx9tuk2txff36,m/84'/0'/0'/1/105,
106,bc1qvhwtxa4hcgh8atsr4ejt3rm6ttda3vqncxfklf,m/84'/0'/0'/1/106,
107,bc1q27g90n2en7wmzkgqrda9399we0fm4j5v8k4yqz,m/84'/0'/0'/1/107,
108,bc1q7hn33wnc2f5ldgrtp9xvraj9l77zqgla3ul9gz,m/84'/0'/0'/1/108,
109,bc1qe6frwyel0rwld72k8t6yvyxhp3ee7svden56kq,m/84'/0'/0'/1/109,
110,bc1qad5mr7h27xtrn9gpcjzhkcpn0p3cqq6ykyuc02,m/84'/0'/0'/1/110,
111,bc1qfc3a73hjzhug4ee6tq7k5mwr25x5z82dupp92m,m/84'/0'/0'/1/111,
112,bc1qkjy4hah6ql058gm7hy27paa7xa8dfmq5y8yy23,m/84'/0'/0'/1/112,
113,bc1qt29gs8l3tdjfwvf79aggmzp0m2pgm5s59pxq6u,m/84'/0'/0'/1/113,
114,bc1q8tzz0u00zx9dynj7j8ay6wf0z0n7pfesrsv6n5,m/84'/0'/0'/1/114,
115,bc1qdln5xt8qk8yf4khndyxt9y8hzd7x8mrsegl7r3,m/84'/0'/0'/1/115,
116,bc1q287npvjyhv3jczvvf03d2hn8lyd9sl79uxrn2f,m/84'/0'/0'/1/116,
117,bc1qvjuwaf9wlue4j2mx4lfcusxxjqtygrwf4qlc39,m/84'/0'/0'/1/117,
118,bc1qk2uw3ls3x20p9rxg6jvgvcy399p89lc80l6uqc,m/84'/0'/0'/1/118,
119,bc1q37kp0z9xm7d8k9j82lrk4swuwz7ln95hl87y5x,m/84'/0'/0'/1/119,
120,bc1qnecwy8kjdr9p8xj5wgpxhfkuwrkcsflf75whly,m/84'/0'/0'/1/120,
121,bc1q4gfhelp374p6k0kj9fm4fzjfyn80hrylwh73fz,m/84'/0'/0'/1/121,
122,bc1qucfc243qdqcy9xwlc55hf8xf3z9nk3k3ndanwr,m/84'/0'/0'/1/122,
123,bc1qn8tnadzqm2jv6jpp8eju6ma4qwyuypqqucguhh,m/84'/0'/0'/1/123,
124,bc1qe8c75nvyazjls3pefmglzk8rpdwse7u2jha09n,m/84'/0'/0'/1/124,
125,bc1q6ky4nq7hfc6f3y2qjxzjzxuzuvgkcetsk322ww,m/84'/0'/0'/1/125,
126,bc1q6r24wwjmrlx4zvtsapkf5qdats50ktvxztrank,m/84'/0'/0'/1/126,
127,bc1q67kls6ws4hf0pdz8rm0phexerrclndtll64nth,m/84'/0'/0'/1/127,
128,bc1q4x92wy0exzhehhlepqv4the4rqfksjka0knc9g,m/84'/0'/0'/1/128,
129,bc1q6w6cq90fvkdzcw75q9jk0fypujr0dhg84lpddy,m/84'/0'/0'/1/129,
130,bc1qrkes7ht6tfdl2m9nu7kukmm0u52c207lch4uyw,m/84'/0'/0'/1/130,
131,bc1q9y73dqzj6kh9wcsjzjr3dhsksn40ndx8s2fy7q,m/84'/0'/0'/1/131,
132,bc1qjt698j9khfqa5y5s84cee3lc8cqsewyg08syzv,m/84'/0'/0'/1/132,
133,bc1qgr0gg4d7urgtcd7mgm8qrh6f5fnr55vy6a092q,m/84'/0'/0'/1/133,
134,bc1qlrf70kscvpvr8e3uazaz24whlzs8ezndt9u092,m/84'/0'/0'/1/134,
135,bc1qdz8h5f2cpehc7dz6ac7l3f37mnec2dzdydxmmt,m/84'/0'/0'/1/135,
136,bc1qfxu0v6ex26ad3mz82yreay0ye5238sqgtufq8c,m/84'/0'/0'/1/136,
137,bc1qgs2z9kg6pc7w79rxx5pq8mjex52y63wpdwdlnz,m/84'/0'/0'/1/137,
138,bc1qwtlzj4uq6ckesq0mpp7x8uxlvfxgzsm70c79xy,m/84'/0'/0'/1/138,
139,bc1q4p6cdpg7rx0dgc75xwr8wlt8tawrn3weew0tks,m/84'/0'/0'/1/139,
140,bc1qnwhvlr90dkjp6ptaksaw58ggdj6y9f6qwwepff,m/84'/0'/0'/1/140,
141,bc1qhyutg3u9auv0akrw5w9n0eyjepha5e4meryl7s,m/84'/0'/0'/1/141,
142,bc1qq3pfum9hezg64hp08fyt67rp82guaks4pl84s6,m/84'/0'/0'/1/142,
143,bc1q4w9lyp93d32scpghxssj6n97e0exrtq3za2v27,m/84'/0'/0'/1/143,
144,bc1qxzsdp0k5qyuquwctp7tu8mnjrdse6vcyftchmt,m/84'/0'/0'/1/144,
145,bc1q64kvzw2k8lhvx458k0shmj98zpka56qaqpx0df,m/84'/0'/0'/1/145,
146,bc1qnd5calh6xp8tzdgq9dyvsw6qwrll7t0glceat5,m/84'/0'/0'/1/146,
147,bc1qnfm8lkykxy9w8dhyjnzlu3mh3jrj96kh7a7s84,m/84'/0'/0'/1/147,
148,bc1qlypsgttsuaxxyhyk5k67qxtcezsjag36ffp9e0,m/84'/0'/0'/1/148,
149,bc1qtf9k48ayummkvqug0a75lqadtl3cu60l99z27a,m/84'/0'/0'/1/149,
150,bc1qdgcsyxla94j9ryu4kgjn8a9s5kspv8thlsh5wg,m/84'/0'/0'/1/150,
151,bc1q9tkx02v02clz0el2hwkpj9kwxrh0jdhukr44c3,m/84'/0'/0'/1/151,
152,bc1qyknwakzcwqkg7dza5psmr9qga7hccu0lr88ekf,m/84'/0'/0'/1/152,
153,bc1qd69q2j2madyhjwlm3fakjayetrk9jgglxmmlq8,m/84'/0'/0'/1/153,
154,bc1q57fg0yx0mdj55rsng7ldrpuamkmz0rwcd24l9a,m/84'/0'/0'/1/154,
155,bc1qsct8lvg9apx2upwq0f5am2spf8lxcfsy23n0hw,m/84'/0'/0'/1/155,
156,bc1q8rr6j7ntgsdvgafp4aatv9z4utwtkm9dtfqq3x,m/84'/0'/0'/1/156,
157,bc1qpds5w3tp8hh5lpu870hv35vajulazy8vt5mdpg,m/84'/0'/0'/1/157,
158,bc1qx0ev9er4hwmrhg6gtftarvs7y703qx4q5h08vg,m/84'/0'/0'/1/158,
159,bc1q0wul03u37ksh9du7xepwzjdhc0uzcpuu7dc4hz,m/84'/0'/0'/1/159,
160,bc1qase6a0l73mz066694ddlncewgmsh9lwaqynkpy,m/84'/0'/0'/1/160,
161,bc1qay77trhe5s4qpuxsu5e7suu4z0qtcjn7meefjp,m/84'/0'/0'/1/161,
162,bc1qlxuce7z5r2gu4w3zejcwz4zgz9cslxapwrj8vt,m/84'/0'/0'/1/162,
163,bc1q70rkt0rj7e8t8njd86l2cpzwjaycpqskus4wrz,m/84'/0'/0'/1/163,
164,bc1qzk0vaxe9pq2zasret8364znm7c8ucfgmzwmhga,m/84'/0'/0'/1/164,
165,bc1qwvtrhmu2vcuadtpsfx2t7pyfjrgtp05zn2g75e,m/84'/0'/0'/1/165,
166,bc1q7nej7e6mm8q52ku0dm7ur5r2uumsv0wvqjff0l,m/84'/0'/0'/1/166,
167,bc1qz4sdkhn53u08h7lskrm6y7p6vxa79rc8uzqhef,m/84'/0'/0'/1/167,
168,bc1qmvfr6l4s2986njdeu0mwvfvw6zk0ll9jkuj6km,m/84'/0'/0'/1/168,
169,bc1qy27japprfwvelqm5ra9kld5xsvqqw6xtjjh9wv,m/84'/0'/0'/1/169,
170,bc1q5s9vlgqhccyxmnf82c4guhy8u70tfwg3uepjql,m/84'/0'/0'/1/170,
171,bc1qfss3tcnl2f4wdwzh34erc0l5kgzkjq9rf960wk,m/84'/0'/0'/1/171,
172,bc1q0dnx99jd5qqpcjt5m4y4gewchkflaqkn6c800h,m/84'/0'/0'/1/172,
173,bc1qsumqnx080v5tvhhrzq8yj6csq7q582nl0etw6n,m/84'/0'/0'/1/173,
174,bc1qdyxnlac68dpfgc6l94aj8wffrccgmz9qcyn686,m/84'/0'/0'/1/174,
175,bc1q7x0y2x9rqzqp6crs7dtd5ts3wfyetyvsujrlh0,m/84'/0'/0'/1/175,
176,bc1q0ctnqlh90hn30j5svgw77c8aqap0fmr3xy7zz5,m/84'/0'/0'/1/176,
177,bc1q9qw0pmwfhc922jwwyvvu7mgft2uvxhlhncgwsr,m/84'/0'/0'/1/177,
178,bc1q9v3538nv5wu8hh5z48fnpg7tm5dfvz5q0dge8r,m/84'/0'/0'/1/178,
179,bc1q65re5gtzpxhlrkmc63v5j52uhh3f3npaz2ps2a,m/84'/0'/0'/1/179,
180,bc1ql9vvv6yjykx9qew5k68ta7ttemh6ylt66xg7pt,m/84'/0'/0'/1/180,
181,bc1q8mekyhvmg6dl7kqmeal39j84we7l73mtuzva6e,m/84'/0'/0'/1/181,
182,bc1qf9eszvpd4c5t4ypgvknzvex64cffkrzjss6ghg,m/84'/0'/0'/1/182,
183,bc1qkdkc7y7rd34pe0wz7cauz9gcfxagsgler5mvnw,m/84'/0'/0'/1/183,
184,bc1q42nspx9ecq8gks0s7erg46nhztxd84py24f076,m/84'/0'/0'/1/184,
185,bc1qe4s3pqskvdz6ukqrukr7jtqzrrqsvj9g527mpf,m/84'/0'/0'/1/185,
186,bc1qeqf2nf4qynv8slnmemhfn2mvgf2qxxn2tkc9ev,m/84'/0'/0'/1/186,
187,bc1qddsw6y42f6awdpv8jtcles0sr2899z9mu73rcd,m/84'/0'/0'/1/187,
188,bc1qmcg640py8uyalkaycpfkvf8h9thn8y4wue7gsg,m/84'/0'/0'/1/188,
189,bc1qt5wl78208mrqkktvp0apge85lrqw9djq8460e4,m/84'/0'/0'/1/189,
190,bc1qvpnxfy57fu3yvncx9qphqy38jkwmw2tpn96dd3,m/84'/0'/0'/1/190,
191,bc1quwwv8elfgc2p5xhhugqa7m5w32wq6dwl2p6dzs,m/84'/0'/0'/1/191,
192,bc1q9zw5tyx3kgm746j3g2jdwy84j08j2tsx5xp273,m/84'/0'/0'/1/192,
193,bc1qcfezfts46eqr0x684n74d7f3qrgu7z2nqrtljm,m/84'/0'/0'/1/193,
194,bc1qgdlfc6trzdazvdr256pv797wv8vrsng6kpqgkg,m/84'/0'/0'/1/194,
195,bc1qj6f3kua4fppw03ycg9zfv2argu82a0y8rqwzxz,m/84'/0'/0'/1/195,
196,bc1qxsxcr6c8hhkufqmwrj7a2uemjac82wx9lzzvpy,m/84'/0'/0'/1/196,
197,bc1q9ajjlxywx8ar4f434xjza2tmwqff444ana7neu,m/84'/0'/0'/1/197,
198,bc1q0cyxrlnnkqh3j7w53hh6zh33c78tzjtn9gqfus,m/84'/0'/0'/1/198,
199,bc1qedh2pdnzlny00mhp5je0yrxanwjk32sxlgly9z,m/84'/0'/0'/1/199,
200,bc1q387xkmet20dxnlcqkzumswjmfhwrk7l4nlfnhs,m/84'/0'/0'/1/200,
201,bc1qv6menjq4q5h0xnjtrsjf9mgjhd9emfy5xm0cp4,m/84'/0'/0'/1/201,
202,bc1qua8w7asfvmxnxnzhw6eug5fkh404muddt2uc9h,m/84'/0'/0'/1/202,
203,bc1qav0w0j74m9xvctdnd4tkgdgmg7u8e3cyufy0jp,m/84'/0'/0'/1/203,
204,bc1qd7chtq5uawvhlxxuv2msyu5l07ggry3khxur6y,m/84'/0'/0'/1/204,
205,bc1q9cfdvn9s56340wdlrczp8ek2xaetz888yxnj0h,m/84'/0'/0'/1/205,
206,bc1q3rh8f5y3r4yx7swjd7wer2rkc2zws8z6ze6x3u,m/84'/0'/0'/1/206,
207,bc1qpjt8jt6kx7ucdf3uygc226m5yndespkuhxz590,m/84'/0'/0'/1/207,
208,bc1qyh8cmxdn6e20g84akj3c4er2vwq7wy0nlm6lg3,m/84'/0'/0'/1/208,
209,bc1qlujv9vl60tmk2nsv0wsuffj93s8gtevqt4ll57,m/84'/0'/0'/1/209,
210,bc1qlru2p8y5qflzh67m6xpwe4kvprweqlcwsqyutr,m/84'/0'/0'/1/210,
211,bc1q22akvsal33whngfu8afvmpmprpyusm7fyatmyf,m/84'/0'/0'/1/211,
212,bc1qpc4d265tztctwv7epz40y38y90xu6pkxppd7zm,m/84'/0'/0'/1/212,
213,bc1qj6t20vtpr48ulas8qgmwcrazckjr9gq3nc877c,m/84'/0'/0'/1/213,
214,bc1q3zfdnzkldyeq40nhhrdn0n0f3z87543ly0jsqx,m/84'/0'/0'/1/214,
215,bc1qktcyx872s0u5973z3zcu4cnf4tep8y628sq6sp,m/84'/0'/0'/1/215,
216,bc1qpltzcl4zmkdjtykvzartc5cafqv0u9a2tnzdyq,m/84'/0'/0'/1/216,
217,bc1qvc3stv6f78hg8nwes80q7yr45dm7l2000vvkw7,m/84'/0'/0'/1/217,
218,bc1q4a2x0ar9xlpggq8pqcs07958822ja7hwjazdyq,m/84'/0'/0'/1/218,
219,bc1qxvq9e5fh7xytqg579caflacm9ndut6q0sxm3rk,m/84'/0'/0'/1/219,
220,bc1qt50y7sqnax6uvzcl5xvj95jlrs8gdz9t57k3kl,m/84'/0'/0'/1/220,
221,bc1qfepdqfzeyxt7p7kwc7ac5vk2892a7hksra5cqe,m/84'/0'/0'/1/221,
222,bc1qurn0sa5g3gd20zes9y45l7ht7tvkmdqll3223z,m/84'/0'/0'/1/222,
223,bc1qlr7u6sz829ghrjrnnkk57rzu7fcc43377ffp97,m/84'/0'/0'/1/223,
224,bc1qqsy202wtqmpegznejtq2sxag50gt9mehf2kvwe,m/84'/0'/0'/1/224,
225,bc1qqfcjungvts72xcvdra8lfng5n2gzcw7suuhn3l,m/84'/0'/0'/1/225,
226,bc1qeqepa5dyd87sc5qpz97mahhe8lyv7kjwr33d35,m/84'/0'/0'/1/226,
227,bc1qknc4umve3eg8zwx4mj0dte8d2kxjpyqdk9cvg7,m/84'/0'/0'/1/227,
228,bc1qjag8fuf2zyzjap8jcft00v7d94pl8tkzsdr2qv,m/84'/0'/0'/1/228,
229,bc1qyvfrwxzxyhhtlkceypqgmjgnw2dnywzsxr29hc,m/84'/0'/0'/1/229,
230,bc1qm6wgacmk6rtlpncvhrt9ap57uf2zy80vmupenl,m/84'/0'/0'/1/230,
231,bc1q0dturwnrh72u3q46ltq649yjm8gc3tjn8l7yuj,m/84'/0'/0'/1/231,
232,bc1q5g0qk74dccwadjv2k9y874q6e3r6qq43pnft6j,m/84'/0'/0'/1/232,
233,bc1qvspv3xy64z60usf7mcm8n2rhjlexhkk6czn4na,m/84'/0'/0'/1/233,
234,bc1qy5t584lu0xw6nakars2hgl3llul2ravp2k4k87,m/84'/0'/0'/1/234,
235,bc1qlxfmcrnak20drfckpckqs3f2snmpzdgqc4n8wr,m/84'/0'/0'/1/235,
236,bc1q94hvh4vnhx22pcs5dvxa6c686gkw0q8g2x5e9q,m/84'/0'/0'/1/236,
237,bc1q64scnuxyvrmls59weuwxtcxzcsqtgv64gnwaas,m/84'/0'/0'/1/237,
238,bc1qxmdxz5twuy05zdfswftyxcjfq06wyqggpy6pfr,m/84'/0'/0'/1/238,
239,bc1qzm4plceq3f9luf5ctgq222m7y3ghp6evu5y6r6,m/84'/0'/0'/1/239,
240,bc1q2we6lvner7xatx6gzws5udz27r98jtszhkp0lf,m/84'/0'/0'/1/240,
241,bc1q82g4yr3h5uzgxm7vm96w36g3szve690ckmrr6h,m/84'/0'/0'/1/241,
242,bc1q2k4hsm3je8dqf8wwkfhtckwzypkhs5jnq20xwe,m/84'/0'/0'/1/242,
243,bc1qwe5qet4h5aanryf5geyk3v762h2lsu6c49p3wr,m/84'/0'/0'/1/243,
244,bc1q9j2nympq2nafqg4gmkdce32l6dc5ztaxey280g,m/84'/0'/0'/1/244,
245,bc1qlqu7a2jndp4jpx70c0fcf93yuhp0vkkm6cs9dq,m/84'/0'/0'/1/245,
246,bc1qgg68x4nyfn7ku737dze3kxcclsreyphxyuzla6,m/84'/0'/0'/1/246,
247,bc1qj8swh0s0l80aq9jwe02sd023986sjjq4xjf245,m/84'/0'/0'/1/247,
248,bc1qlcqrsey578tupqpaeqh4eeql4yrxu8v3fkqgzx,m/84'/0'/0'/1/248,
249,bc1qc8wsq3nxnau6zde8p9lh9shh8346yq4mh9sv2p,m/84'/0'/0'/1/249,
250,bc1q4ww5dc5vcuqvfurxrmqfvc6nqqd6wuk5v08pk8,m/84'/0'/0'/1/250,
